Keyword,Tweet
#gillette,"yes #gillette show men the truth &amp; noble way, please!'"
#gillette,#barbasol has a new ad countering the anti-real man ads promoted by #gillette.'
#gillette,"you know if this guy just would have watched that gillette ad none of this would’ve happened.', o sad #gillette'"
#gillette,"guys, please calm down.', it not like #gillette asking you to shave your whole body, wear makeup, perfume, high heels;"
#gillette,takes to youtube to rant about the stupidity where #gillette staff members call the recently released t
#gillette,"#gillette must be aware that most of the complaints made by women are fake and frivolous.', '#fakecases are made on men are in'"
#gillette,"yes #gillette show men the truth &amp; noble way, please!'"
#gillette,"oh my gosh!!!', ken gonna need some pink #gillette razors for those pretty legs!"
#gillette,you don’t get any points #gillette for shaming men not when your brand has paicipated actively in objectifying women for ye'
#gillette,"guys, please calm down.', it not like #gillette asking you to shave your whole body, wear makeup, perfume, high heels;"
#gillette,"guys, please calm down.', it not like #gillette asking you to shave your whole body, wear makeup, perfume, high heels;"
#gillette,"see our latest #gillette, wy #labor job oppounity and click the link in our bio to apply: floorhand well servicin'"
#gillette,"replace #inclusion with #tolerance!', everyone has right to be themselves, not having to change to fit today version of"
#gillette,"our video response to gillette.', it time for society to sta celebrating each other., 'not tearing each other down.', '#wes'"
#gillette,"#gillette must be aware that most of the complaints made by women are fake and frivolous.', '#fakecases are made on men are in'"
#gillette,"#gillette add suggests that every man is a bad man but i'm not., 'i care about the people around me, i respect genuine women ar'"
#gillette,"replace #inclusion with #tolerance!', everyone has right to be themselves, not having to change to fit today version of"
#gillette,"replace #inclusion with #tolerance!', everyone has right to be themselves, not having to change to fit today versio"
gillette,turns out almost everyone loved that 'controversial' gillette ad about toxic masculinity?
gillette,gillette nothing says customer service like ignoring someone and then banishing them to on hold.'
gillette,"“suppoing women and calling for a safer world for all does not make you less of a man.', 'it makes you a better person.” cu'"
gillette,"this is how you use your brand.', 'this is how you engage with your audience.', 'gillette being aware of mostly having a male au'"
gillette,"i want a man to be masculine.', 'i want someone to open the door for me!', 'why was gillette willing to risk 50% of their client'"
gillette,"no, i don’t.. i don’t think it’s harmful to teach “little boys” that there’s an issue'"
gillette,"that gillette ad though right, so offensive'"
gillette,"you shouldn’t body shame remember?', 'gillette and all the other liberal bs y’all spout.'"
gillette,it\ only by challenging ourselves to do more that we can get closer to our best proctergamble ‘s gillette is t'
gillette,"gillette at the risk of tying you down to specifics, what behaviour in the add was toxic masculinit'"
gillette,“it’s not easy being tough” - i think someone needs to watch a gillette commercial'
gillette,axe speedstick dove gillette oldspice secretdeodorant you’re all pa of a conservative sm'
gillette,gillette: the worst an ad can get | via youtube'
gillette,"yes i know gillette also wanted profit.', 'this is also not an exhaustive list.', 'but it is exhausting just thinking about it.'"
gillette,"gillette by poraying play fighting as a bad thing.', 'by poraying chatting up wo'"
gillette,"we are so sorry that your message wasn't responded to by our customer care., 'please call 1-800-44'"
gillette,inc: here how to avoid being the next gillette or pepsi in 2019 dakotashane_nun
gillette,#crimebywomen #fraudbywomen #elizabethholmes #womenempowerment #womensmarch2019 #thebestwomencanbe gillette story'
gillette,"this is how you use your brand.', 'this is how you engage with your audience.', 'gillette being aware of mostly having a male au'"
gillette,cnn it like that gillette commercial.
gillette,those poor folks need to shave with gillette as i hear it amazing on sensitive skin.
gillette,here how to avoid being the next gillette or pepsi in 2019
gillette,here how to avoid being the next gillette or pepsi in 2019
gillette,"ads for women: be thin, be thick, love your body, your boobs look bigger in this, dye your hair, embrace your grays, the'"
gillette,inc: here how to avoid being the next gillette or pepsi in 2019
gillette,here how to avoid being the next gillette or pepsi in 2019
gillette,"in response to #gillettead this needs to go viral ... we know gillette is full of crap, but'"
gillette,"the top body razor pick in our guide to the best drugstore makeup, hair, and skincare products, the gillette venus'"
gillette,here how to avoid being the next gillette or pepsi in 2019
gillette,here how to avoid being the next gillette or pepsi in 2019
#gillettead,GoStars Stamkos ThisIsUs TBLvsDAL … This Tweet from has been withheld in United States He should stick to playing Fortnite 16 hours a day stopping only to furiously masturbate or eat Doritos His dick… Oh dear Over a month later the little petal is still bothered by the GilletteAd
#gillettead,Brexit NoConfidenceVote NoConfidenceMotion NoConf… wokeadvertising does it work for the brand and business nike pepsico GilletteAd StudioBrule This is how you market to men Gillette take notes and fire the morons at especially that hate-filled f… Word_Massager Time to toxic man up Take a task bar trip A change of pace from the usual sexist route we take Bring your to do self imp… toxicmasculinity GilletteAd GilletteAd This ad should get all the free air time that GilletteAd got This ad actually deserves it
#gillettead,GoStars Stamkos ThisIsUs TBLvsDAL Thanks to the GilletteAd now I am a proud member of the DollarShaveClub
#gillettead,These took me the 3 hours but damn were they worth it GilletteAd… 4Freedoms_GR Christian men will be overrun by Muslims if they don t man up Visible already in some European nations gender masculi… Gillette Hey let break the cycle and be good people and role models for a better future GilletteAd
#gillettead,Fragile Men If you re threatened by a razor commercial asking you to be a better man you don t need a new shaver you need new standa… Thank you GilletteAd for making people like Hannah tar all white men with the same brush Bravo ToxicFemales GilletteAd ToxicFeminists
#gillettead,BOYcottGillette GilletteBOYcott
#gillettead,GilletteThemKnow GetWokeGoBroke… What the GilletteAd Gets Wrong About ToxicMasculinity
#gillettead,getwokegobroke gilletteboycott… revcdlc I wrote a new article for NEXTpcusa The Best a Pastor Can Be On the viral Gillette ad about men and how The Will to Cha… People are literally outraged over an ad that simply advised men not to bully or sexually harass anyone GilletteAd Gillette I was shaving my toxic masculinity with one of your razors as you recommended and I cut myself I thin… JackMaddenbooks Kavanaugh CovingtonBoys GilletteAd JussieSmollettHoax Racism Leftism
#boycottgillette,Barbasol Once Showed Gillette How To Make a Commercial for Real Men
#boycottgillette,BoycottGillette
#boycottgillette,MeetBarbasol arbasol Once Showed Gillette How To Make a Commercial for Real Men
#boycottgillette,BoycottGillette MeetBarbasol destinyisbright Crying is for pussies ImaRealMan BoycottGillette Gillette Goodbye Gillette my loyal 25 year relationship with you is now officially over Enough hatred of white m… Once Showed How To Make a Commercial for Real Men
#boycottgillette,BoycottGillette
#boycottgillette,MeetBarbasol MeetBarbasol Barbasol Once Showed Gillette How To Make a Commercial for Real Men
#boycottgillette,BoycottGillette
#boycottgillette,Inexpensive Inexpensive alternative to the Gillette is DorcoUSA Got this and 12 extra blades for 23 and it works great Stevie_Gonzalez Hey Gillette here some more ToxicMasculinity for next ad And so glad I no longer buy your product… One Man Harrowing Journey to Cure His Toxic Masculinity
#boycottgillette,toxicmasculinity… Shaving Company Emasculette Develops Razor Castration Device For New Generation of Men
#boycottgillette,WSJ I said it before and will say it again BoycottGillette Gillette Patriots No one wants your soy boy razors anymore but thanks for pushing me into the a or ToxicFeminism GilletteBoycott BoycottGillette
#boycottgillette,The Best a Woman Can Get
#boycottgillette,toxicfeminism BoycottGillette Gillette I just threw away the last cartridge I will ever purchase from P amp G. Had been a customer since Army basic… ToxicFemales GilletteAd ToxicFeminists
#boycottgillette,BOYcottGillette GilletteBOYcott
#boycottgillette,GilletteThemKnow GetWokeGoBroke… JackPosobiec Already have and do boycottNFL BoycottEmpire BoycottGillette boycotTV no more award shows no mor… 'Make the choice for yourself Transgender teen Jazz Jennings stars in campaign GrrrGraphics New Era in advertising BenGarrison cartoon GilletteAd Gillette BoycottGillette What about genderequity stop th… MikeSto41469647 PamelaGeller Would this qualify as Toxic Masculinity
#boycottgillette,BoycottGill… parthasa Why ProcterGamble does n't really care if men BoycottGillette BoycottPnG There feminist agenda will not stop
#boycottgillette,I do n't hear Gillette complaining about this BoycottGill… ToxicFeminism
#boycottgillette,BoycottGill… ToxicFeminism GilletteBoycott BoycottGillette PamelaGeller Would this qualify as Toxic Masculinity
#boycottgillette,BoycottGillette
#boycottgillette,MAGA BOYCOTT GILETTE One month down BoycottGillette gilletteboycott gillettecommercial Got my new shaving gear from thebluebeards Looking forward to trying it out BoycottGillette Glad to see replaced in local store Man bashing is n't a good business strategy BoycottGilletteDear Strong Kind Considerate Men Thankyou boycottgillette gillette via YouTube Gillette So in other words ... Men arent allowed to have mental health issues In a society where it is a huge issu… Gillette You hear that ... Its your stock still stagnant and declining itsover WeWillWin boycottpg Boycottgillette One month after the GilletteAd came out their stocks reflect the decline we expected GetWokeGoBroke …JenniferVapes Want to BoycottGillette Offend by the GilletteAd I love DollarShaveClub 9 They have 5… No wonder their shares are down and people are boycotting their product
#boycottgillette,Should we prepare ourselves for a money boycott BoycottNike BoycottGillette ToxicFemales GilletteAd ToxicFeminists
#boycottgillette,GilletteThemKnow GetWokeGoBroke Gillette
#boycottgillette,Feminism ToxicFeminism… ToxicFemales GilletteAd ToxicFeminists
#boycottgillette,GilletteThemKnow GetWokeGoBroke Gillette
#boycottgillette,Feminism ToxicFeminism… internationalm Gillette Here some ToxicFeminism ToxicBlackLives ToxicGayPride ToxicIslamism GilletteAd scr… Gillette is actively censoring any mention of their FALSE Made in the USA ads from last Gillette and Tomas3percenter Colin needs 20 million I guess you can wait another 5 years You ain t worth 1/1024 of that
#boycottgillette,boycottnik… GoldenTiger_MRA Valentines ThursdayThoughts ValentinesDay ShiftFocus NoValentineDay BoycottGillette boycott StitchFixRedCarpet… Colin needs 20 million I guess you can wait another 5 years You ain t worth 1/1024 of
#boycottgillette,BoycottNFL… White people are all racist scum
#boycottgillette,BoycottGillette
#boycottgillette,boycottproctorandgamble
#boycottgillette,boycottgillette toxicmasculinity GilletteAd toxicfeminism ParticipationTrophy mentality on display WakeUpAmerica SeeClearly ManUp BoycottGillette ChrisMalispina Don t let this happen to you
#boycottgillette,BoycottGillette ToxicFemales GilletteAd ToxicFeminists
#boycottgillette,GilletteThemKnow GetWokeGoBroke Gillette
#boycottgillette,Feminism ToxicFeminism… decoder_mrMGTOW So women want to teach us what toxic behaviour is
#boycottgillette,BoycottGillette Are the Yankees not BoycottGillette ToxicFemales GilletteAd
#boycottgillette,GilletteThemKnow GetWokeGoBroke Gillette
#boycottgillette,Feminism ToxicFeminism ToxicWomen… GilletteAd ToxicFemales
#boycottgillette,GilletteThemKnow GetWokeGoBroke Gillette
#boycottgillette,Feminism ToxicFeminism ToxicWomen… GilletteAd ToxicFemales
#boycottgillette,GilletteThemKnow GetWokeGoBroke Gillette
#boycottgillette,Feminism ToxicFeminism ToxicWomen… GilletteAd ToxicFemales
#boycottgillette,GilletteThemKnow GetWokeGoBroke Gillette
#boycottgillette,Feminism ToxicFeminism ToxicWomen… GilletteAd ToxicFemales
#boycottgillette,GilletteThemKnow GetWokeGoBroke Gillette
#boycottgillette,Feminism ToxicFeminism ToxicWomen… GilletteAd ToxicFemales
#boycottgillette,GilletteThemKnow GetWokeGoBroke Gillette
#boycottgillette,Feminism ToxicFeminism ToxicWomen… GilletteAd ToxicFemales
#boycottgillette,GilletteThemKnow GetWokeGoBroke Gillette
#boycottgillette,Feminism ToxicFeminism ToxicWomen… GilletteAd ToxicFemales
#boycottgillette,Feminism ToxicFeminism ToxicWomen… internationalm fireemilynow msemilymccombs HuffPost HuffPostWomen GoatApocalypse GilletteAd ToxicFemales… And THIS is HOW the LoonieLefties hope to FIGHT that EVIL ToxicMasculinity Jeepers Can I get Fr… And THIS is HOW the LoonieLefties hope to FIGHT that EVIL ToxicMasculinity
#boycottgillette,I willin to bet… Javashots BoycottGillette BoycottGillette Excellent expose og Jillette male hating extreme feminist propaganda BoycottGillette Gillette thanks for pissing me off last month I didn t realise I could save sooo much on other razors… Min nya rakhyvel BoycottGillette Wilkinson commercial via YouTube SenSchumer Did aoc give chucky some Twitter time an tell wittle chucky what to say
#boycottgillette,6 more years Valentines ThursdayThoughts ValentinesDay ShiftFocus NoValentineDay BoycottGillette boycott…Gillette Parody The Best Women Can Get GilletteAd BoycottGillette boycottPandG Mf will boycott gucci over blackface then turn around and go to church on sunday smh gucciboycott gucciblackface Blac… Marvel Please do n't us men need to stick together t… thank Gillette the best a lt insert own pronoun gt can get Someone said that they would BoycottGillette I said MeToo … StringToTheMax FoxNews ProcterGamble Disney tide Downy Bounty Charmin Always Tampax … ToxicGillette ToxicProcterAndGamble ToxicChemicals
#boycottgillette,GilletteAd GilletteJaune Gillette BOYcottGillette OliviaPWalkerPA HowardA_Esq I recommend you view this thread
#boycottgillette,GilletteAd… Crow_mynation BelieveAllWomen FeministMafia FeminismIsCancer Feminazis terrorism StopLegalTerrorism BoycottGillette ToxicFemin… ChrisCutter5 Gillette GilletteThemKnow GilletteAd Gillette
#boycottgillette,Gillette ToxicGillette ToxicAdvertising… YungStacc_Money Brilliant Parody site Daequan
#boycottgillette,Gillette ToxicGillette ToxicAdvertising… Mf will boycott gucci over blackface then turn around and go to church on sunday smh gucciboycott…FoxNews ProcterGamble Disney tide Downy Bounty Charmin Always… REMEMBER boycottgillette propaganda Halber Preis mehr Inhalt Für das beste im Mann
#boycottgillette,BoycottGillette BelieveAllWomen FeministMafia FeminismIsCancer Feminazis terrorism StopLegalTerrorism BoycottGillette… Gillette Patriots Is this the best Gillette can get Probably worse But BoycottGillette AlMonnkind Gillette Patriots Hence the BoycottGillette see for yourself what Gillette does Then has the nerve… jfhanry Gillette Patriots BoycottGillette CitizensMandate Thank God for the men throughout history that have fought and sacrificed so that we may live free
#boycottgillette,BoycottGillette FeminismIsCancer Americans kandkradio audioBoom GilletteAd ToxicFemales
#boycottgillette,GilletteThemKnow GetWokeGoBroke Gillette
#boycottgillette,GilletteThemKnow GetWokeGoBroke… Let support companies that truly appreciate men for who they are BoycottGillette Gillette the best a lt insert own pronoun gt can get Someone said that they would BoycottGillette I said MeToo
#boycottgillette,#GilletteThemKnow #GetWokeGoBroke Let suppo companies that truly appreciate men for who they are.
#boycottgillette,"#BoycottGillette Gillette ""the best a &lt;inse own pronoun&gt; can get"". Someone said that they would #BoycottGillette, I said #MeToo :…"
gillette,"is she boycotting gillette?', 'in that case i am on board 100%'"
gillette,"gillette wow, gotta say, i’m triggered.', 'my souls can not fathom how happy i am with this.', 'wow, just wow.', 'i love t'"
#gilette,"if gillette had said this , this way ... the backslash were no where near the one'"
#gilette,i really appreciate that you addressed objectificati'
#gilette,": i just hope #gilette makes an ad reminding women not to fake their sexual assaults.', 'really impoant we be reminded not'"
#gilette,": i just hope #gilette makes an ad reminding women not to fake their sexual assaults.', 'really impoant we be reminded not'"
#gilette,"is this the best the women can get ?', '#gilette #boycottgilette #feminism'"
#gilette,": i just hope #gilette makes an ad reminding women not to fake their sexual assaults.', 'really impoant we be reminded not'"
#gilette,": i just hope #gilette makes an ad reminding women not to fake their sexual assaults.', 'really impoant we be reminded not'"
#gilette,": i just hope #gilette makes an ad reminding women not to fake their sexual assaults.', 'really impoant we be reminded not'"
#gilette,should #gilette even be allowed to still sponsor #soccersaturday given that they clearly hate men so much nowadays?'
#gilette,about that total shit #gilette commercial #feminism #proctorgamble'
#gilette,"looks like #reebok and #gilette are 100% communists.', 'their adveising are so leftist that #lenin would buy both.', 'i'"
#gilette,gillette can go fuck themselves #gilette #gillettead #adidas #bullshit'
#gilette,": i just hope #gilette makes an ad reminding women not to fake their sexual assaults.', 'really impoant we be reminded not'"
#gilette,"she should be in the next #gilette ad, no really shaving that gash'"
#gilette,"#soyboy walking #gilette ad beta o’rourke just climbed up the intersectionality ladder.', 'kamala better watch out .', 'htt'"
#gilette,thanks #gilette for making this meme possible lol'
#gilette,"well #soyboy walking #gilette ad beta o’rourke just climbed up the intersectionality ladder.', 'kamala better watch out .', 'htt'"
#gilette,men: we don't need #gilette to tell us how to be better human beings also men:
#gilette,men: we don't need #gilette to tell us how to be better human beings also men:
#gilette,still thinking of the guy who kept interrupting a speaker last night to say how not bothered he was about his male'
#gilette,": i just hope #gilette makes an ad reminding women not to fake their sexual assaults.', 'really impoant we be reminded not'"
#gilette,im just so grateful to have a billion dollar corporation make an ad to let me know how shitty my gende'
#gilette,men: we don't need #gilette to tell us how to be better human beings also men:
#gilette,men: we don't need #gilette to tell us how to be better human beings also men:
#gilette,men: we don't need #gilette to tell us how to be better human beings also men:
#gilette,men: we don't need #gilette to tell us how to be better human beings also men:
#gilette,men: we don't need #gilette to tell us how to be better human beings also men:
#gilette,"masculinity is not under attack.', what under attack is men who are sexist, misogynistic or even downright dangerous to o"
#gilette,"masculinity is not under attack.', what under attack is men who are sexist, misogynistic or even downright dangerous to o"
#gilette,men: we don't need #gilette to tell us how to be better human beings also men:
#gilette,men: we don't need #gilette to tell us how to be better human beings also men:
#gilette,": i just hope #gilette makes an ad reminding women not to fake their sexual assaults.', 'really impoant we be reminded not'"
#gilette,": i just hope #gilette makes an ad reminding women not to fake their sexual assaults.', 'really impoant we be reminded not'"
#gilette,": i just hope #gilette makes an ad reminding women not to fake their sexual assaults.', 'really impoant we be reminded not'"
#gilette,": i just hope #gilette makes an ad reminding women not to fake their sexual assaults.', 'really impoant we be reminded not'"
#gilette,": i just hope #gilette makes an ad reminding women not to fake their sexual assaults.', 'really impoant we be reminded not'"
#gilette,"i hate porn from the 70s.', '#gilette'"
#gilette,not the best a man can get #gilette'
#gilette,"so, just seeing the #gilette commercial.', '#applause #newcustomer #boys #men'"
#gilette,"well #soyboy walking #gilette ad beta o’rourke just climbed up the intersectionality ladder.', 'kamala better watch ou'"
#gilette,men: we don't need #gilette to tell us how to be better human beings also men:
#gilette,men: we don't need #gilette to tell us how to be better human beings also men:
#gilette,men: we don't need #gilette to tell us how to be better human beings also men:
#gilette,men: we don't need #gilette to tell us how to be better human beings also men:
#gilette,men: we don't need #gilette to tell us how to be better human beings also men:
#gilette,men: we don't need #gilette to tell us how to be better human beings also men:
#gilette,men: we don't need #gilette to tell us how to be better human beings also men:
#gilette,men: we don't need #gilette to tell us how to be better human beings also men:
#gilette,men: we don't need #gilette to tell us how to be better human beings also men:
#gilette,men: we don't need #gilette to tell us how to be better human beings also men:
#gilette,men: we don't need #gilette to tell us how to be better human beings also men:
#gilette,men: we don't need #gilette to tell us how to be better human beings also men:
#gilette,men: we don't need #gilette to tell us how to be better human beings also men:
#gilette,men: we don't need #gilette to tell us how to be better human beings also men:
#gilette,men: we don't need #gilette to tell us how to be better human beings also men:
#gilette,men: we don't need #gilette to tell us how to be better human beings also men:
#gilette,men: we don't need #gilette to tell us how to be better human beings also men:
#gilette,men: we don't need #gilette to tell us how to be better human beings also men:
#gilette,men: we don't need #gilette to tell us how to be better human beings also men:
#gilette,men: we don't need #gilette to tell us how to be better human beings also men:
#gilette,men: we don't need #gilette to tell us how to be better human beings also men:
#gilette,"ongrats #gilette showing us how brands can positively influence the social narrative!!', '#purposefulmarketing #meaningfulmarke'"
#gilette,": i just hope #gilette makes an ad reminding women not to fake their sexual assaults.', 'really impoant we be reminded not'"
#gilette,"i love white men, #gilette calls on all men to review their behaviour- lose their neeson wants to kill black ppl-'"
#gilette,": i just hope #gilette makes an ad reminding women not to fake their sexual assaults.', 'really impoant we be reminded not'"
#gilette,"of course not, why should it at hu them in the first place.', 'controversy is just a great way to catch your attenti'"
#gilette,": i just hope #gilette makes an ad reminding women not to fake their sexual assaults.', 'really impoant we be reminded not'"
#gilette,"i got these #gilette razors, because if they're good enough for your face, they're good enough for my legs."
#gilette,"get mad, get angry.', 'forget the #superbowl, forget #gilette,.', 'focus on real issues.', 'people are dying because canada'"
#gilette,"#gilette had a strong ad, powerful message, why wasn\'t it featured during the #superbowl?', '-nina orezzoli #adbowl #boyswillbeboys'"
#gilette,...suck my dick 3rd wave #feminists and #sjw embracing the #gilette #viuesignalling #normies with the most str
#gilette,proctergamble #gilette aunt happy with you'
#gilette,"and i hope #gilette stadium and everything it contains falls into dust.', '#gilette thinks any man is toxic - they sh'"
#gilette,you better go buy your #gilette razors right now.'
#gilette,"#wishmymomtoldme men’s razors work way better than women’s razors.', 'they also tend to be cheaper and better quality.'"
#gilette,i hope nike does another kneeling moron commercial for the #superbowl followed by the #gilette ad.'
#gilette,i hope nike does another kneeling moron commercial for the #superbowl followed by the #gilette ad.'
#gilette,dear men offended by the #gilette adve... 1) put your ego aside for 1 second and realise that not everything is about yo'
#gilette,bullying a boy that does ballet is pa of the toxic masculinity #gilette had an ad against.'
#thebestamancanget,"hey boys club - it’s not ok to find humour in terms derogatory towards women, it’s revolting!', 'how about standing up for wha'"
#thebestamancanget,"hey boys club - it’s not ok to find humour in terms derogatory towards women, it’s revolting!', 'how about standing up'"
#thebestamancanget,"new video is up!!', 'was the gillette ad nasty or necessary?', 'why are opinions so divided?', here what i think!"
#thebestamancanget,#tbt“the best a man can get” original gillette commercial (1989) #atari #videogamecollection #classicgaming #nes'
#thebestamancanget,"days ago, we were celebrating the #gillettead for holding men accountable for their actions.', 'this included diminishing'"
#thebestamancanget,"this week #blog takes a look at the recent gillette #ad &amp; questions its success &amp; its motives., 'is it still'"
#thebestamancanget,gotta love the hipocracy of viue signaling gillette: #boycottgillette #thebestmencanbe #thebestamaamcanget'
#thebestamancanget,"so i literally just watched the gillette commercial and i legit almost cried!', 'i love the message!', '#nomoremisogyny #thebestamancanget'"
#thebestamancanget,"no it was you admitting you were a red all along.', 'i admire that #thebestamancanget'"
#thebestamancanget,"monday motivation gents, let always be, no matter what, the gentlemen we've been thought and grown up 2 b"
#thebestamancanget,"a bloke in the shop came up to me and congratulated me for not buying #gillette.', 'then a friend sent me a text becau'"
#thebestamancanget,"a #juicy little #morsel for all you #soyboy #cucks out there !!', '#thebestamancanget ????????????????????????'"
#gillettead,We need to phase out toxic masculinity and replace it with tolerance and love.
#gillettead,like no SHIT NotAllMenAreTrash But we say the shit for a reason Hell their reactions to the GilletteAd
#gillettead,The Things That Should Offend Us Hint It Not A Razor Commerical
#gillettead,I wrote an op ed in response to the Twitter up… The Things That Should Offend Us Hint It Not A Razor Commerical
#gillettead,wrote an op ed in response to the Twitter up… The Things That Should Offend Us Hint It Not A Razor Commerical
#gillettead,I wrote an op ed in response to the Twitter… So Black folks are courageously addressing this issue head on as it affects their community and white folks are… And yall was really trippin about a gillet commerecial asking us to do better Y'all funny read a fucking book once… found_seeker This is beautiful GilletteAd JussieSmollettHoax JussieSmollett HateCrime fakenews
#gillettead,WORLD DESTRUCTION 2019 also JABLINSKI GAMES amp GILLETTE commercial REVIEWS REACTIONS JackBlack real… This is beautiful GilletteAd JussieSmollettHoax JussieSmollett HateCrime fakenews swordfish_hair Everybody mad about the GilletteAd but nobody even cares that razors like Gillette put facial hair like me out of th… keithboykin If you re threatened by a razor commercial asking you to be a better man you don t need a new shaver you need new standa…
#gillettead,WORLD DESTRUCTION 2019 also JABLINSKI GAMES amp GILLETTE commercial REVIEWS REACTIONS JackBlack real… Boys will be boys GilletteAd Amirite
#gillettead,WORLD DESTRUCTION 2019 also JABLINSKI GAMES amp GILLETTE commercial REVIEWS REACTIONS JackBlack real…
#gillettead,WORLD DESTRUCTION 2019 also JABLINSKI GAMES amp GILLETTE commercial REVIEWS REACTIONS JackBlack real… gopel1990 hssstttt keep silent Captain Marvel leaked free film DVDRIP
#gillettead,Yeah if only the GilletteAd showed this but pffff MEN need to be better because *insert political bullshit* If you need a lil pick-me-up on this Monday give this a watch Thanks to NextGenMen for the work they re doing with… But as she dared to suggest that BatteredMen and post pubertal sons needed Refuges TOO she has be… THR Sponsor GilletteAd argued for no beards on characters male or female the1inquisitor Also I keep seeing this real men dont shave bullshit being flung around now Do you know how shaving became so popula
#gillettead,AUSvSYR Norwood SDLive GilletteAd AskTDU DanEvans… gutterlovr mixielot Barbie_Sub But people in the West are too busy trying to get men jailed for WolfWhistling… laidybug45 mixielot M13 GangMember ISIS Jihadi You name it
#gillettead,AUSvSYR Norwood SDLive GilletteAd AskTDU DanEvans… Also I keep seeing this real men dont shave bullshit being flung around now Do you know how shaving became so Exploring the business and societal effects of TheBestMenCanBe GilletteAd from a marketer perspective …Guess what their stance is Yup you got it They dont like toxic masculinity So go ahead and grow out your beard R_Bradshaw91 This ad should get all the free air time that GilletteAd got This ad actually deserves it //t.co/5G8Pf6k9Zi The likely response from the abusers we may decide to confront “ Oh NOW you decide to speak up after doing the sam BreakingBalls00 Shave it up Nude beaman shaving GilletteAd men makeitlookbigger //t.co/cHaauxdYFz How did the men in your family and friend circles respond to this ad fembots ????? JussieSmollett Congrats on your new ad campaign with Gillette Haters gon na hate you go girl
#gillettead,GilletteAd… JLivels ProcterGamble Gillette You missed the point.. I am perfectly fine with the man on the package in fact i…Unfortunately women do n't understand that fake accusations/victims takes valuable time away from actual victims.… Men are never victims Said *some* women Thought I 'd be technically accurate because if women feel like I am bra… _strawson BBCNews Oh you took my women as generalising all women Thanks for proving a point I m This is the kind of ToxicMasculinity that should have made it into the GilletteAd Bit of an over reaction Sadly women ca n't see the point I am making They do n't want to admit that harmless f… I 've currently got one woman on my time line that thinks a bit of harmless flirting that happens is sexual harassme… g_strawson BBCNews Yet women have been branding 'ALL men as sexual predators 'ALL men are responsible for it.… KoparaFallsKid Oh dear Over a month later the little petal is still bothered by the GilletteAd KoparaFallsKid This should not need to be said but for the younger less experienced women about the place
#gillettead,If a guy hates this Gil…Oh dear Over a month later the little petal is still bothered by the GilletteAd
#gillettead,GoStars Stamkos ThisIsUs TBLvsDAL … KoparaFallsKid Oh dear Over a month later the little petal is still bothered by the GilletteAd bryankirbyy98 This badass af GilletteAd Watch Escape Room 2019 1080p Blu Ray x264
gillette,gillette has staed a popular trend.'
#thebestamancanget,"woah bro, rape not cool., '#thebestamancanget'"
#toxicmasculinity,We need to phase out toxic masculinity and replace it with tolerance and love.
#toxicmasculinity,This is the national emergency 2A ToxicM… AudreyCharowa BarackObama discussing the roots and signs of ToxicMasculinity in our society is a sight to behold A strong man is c… TRUE Manhood What Christian Men Can Take Away From Gillette Message on ToxicMasculinity kingdomblogger1 The Things That Should Offend Us Hint It Not A Razor Commerical
#toxicmasculinity,I wrote an op ed in response to the Twitter up… Had the best time with these cool humans last night Maddie is now my official BFF due to showing up in a… The Things That Should Offend Us Hint It Not A Razor Commerical
#toxicmasculinity,ToxicMasculinity MichaelObama I will still and always watch JohnWayne movies Was he perfect No but he was a man which is more than I can say… terrycrews Gillette Pro-Woman We re talking about deeply rooted and complicated issues here The issue isn t… RonaldRHarmon BarackObama POTUS44 doing his part to fight ToxicMasculinity
#gillette,npc brainwashing purl pixar #sparkshos *white men bad* #feminist #pussyhat #gillette reality check'
#gillette,"#gillette thank you for doing what many of us #preach: using your #privilege to say what needed to be said.', 'the on'"
#gillette,i agree with this 1000% gillette #gilletteboycott #gilletead #gillette herbrotherhood #metoo #mentoo #timesup'
#gillette,#gillettead #gillette just got my wet stone men boys we will find the answer to problems overnight'
#gillette,"i’ve been using #gillette mach3 razors forever.', 'the #gillettead made me look into alternatives.', 'bic has a razor that’s more tha'"
#gillette,"sorry for being a male.', '#gillette'"
#gillette,"you are such hypocrites.', 'you poray yourselves as suppoing women when this is in your past.', 'i am ashamed i didn’t dum'"
#gillette,"other company like theyr costumers,thanks gillette for your ad proctergamble #gillette #gillettead #trash"
#gillette,a little heads up for y'all fellas before you get ready to head back to work tomorrow... #mondaymorning #gillette
#gillette,"our video response to gillette.', it time for society to sta celebrating each other., 'not tearing each other down.', '#wes'"
#gillette,no scrubs' for dabchick #music #tlc #gillette #toxicmasculinity
#gillette,"so, another source like #gillette implying that men have finally woken up to their 'bad behaviour'!!, 'there are so many o'"
#gillette,"what?', 'did brie larson help #gillette remove your penis?', 'you have devolved into the most pathetic man on the planet.'"
#gillette,remember when there was more outrage at a men’s razor commercial than the random shooting murders of 5 women by an #incel'
#gillette,"so, another source like #gillette implying that men have finally woken up to their 'bad behaviour'!!, 'there are so m'"
#gillette,how your brand can better the best from gillette - we first branding #gillette'
#gillette,"dear gillette, you can't ask men to stand up to other men, by using their own masculinity, to kill the masculinity in ot"
#gillette,"dee, only #gillette sales will determine if the add was a success not a survey or any other group expressing an opinion...'"
#gillette,"dee, only #gillette sales will determine if the add was a success not a survey or any other group expressing an opi'"
#gillette,": the #gillette commercial is the product of mainstream radicalized feminism— &amp; emblematic of cultural marxism.', top per'"
#gillette,#gillette gillette -pa of the proctor &amp; gamble corporation- telling us not to be sexist is like hitler telling you not to be racist.'
#gillette,"freedom to make bad decisions is a cornerstone of capitalism.', 'bad businesses should be allowed to fail.', '#gillette'"
#gillette,how your brand can better the best from gillette - we first branding #gillette'
#gillette,a little heads up for y'all fellas before you get ready to head back to work tomorrow... #mondaymorning #gillette
#gillette,"hot hot hot free shipping, limited edition and a new design!', 'check us out!', 'web in the bio'"
#gillette,how your brand can better the best from gillette - we first branding #gillette'
#gillette,not cool bro #gillette not cool'
#gillette,"marketing 101 #gillette, don’t insult your customer!', 'the #fusion in the foreground, has been retired.', 'i’m saving a'"
#gillette,"gillette hmmmm how can they tell us what’s wrong with men?', 'clean your own house!!!', '#gillette'"
#gillette,shopping list includes: #soy #gillette razors chips dips chains whips will probably rage'
#gillette,"occamsrazorcuts: here is a lesson for #gillette.', 'i’ve been a customer of yours for at least 20 years, and i shave my head.', 'no longer wi'"
#gillette,"occamsrazorcuts: here is a lesson for #gillette.', 'i’ve been a customer of yours for at least 20 years, and i shave my head.', 'no longer wi'"
#gillette,this toxic masculinity is a real problem in society #gillette'
#gillette,"here is a lesson for #gillette.', 'i’ve been a customer of yours for at least 20 years, and i shave my head.', 'no longer'"
#gillette,"this job might be a great fit for you: sales management trainee - #sales #gillette, wy'"
#gillette,very interesting video on the subject #masculinity #toxicmasculinity #men #gillette'
#gillette,"gillette is a fox fake news sponsor?', 'wtf #gillette'"
#gillette,"gillette is a fox fake news sponsor?', 'wtf #gillette'"
#gillette,"gillette is a fox fake news sponsor?', 'wtf #gillette'"
#gillette,"gillette is a fox fake news sponsor?', 'wtf #gillette'"
#gillette,"gillette is a fox fake news sponsor?', 'wtf #gillette'"
#gillette,"our video response to gillette.', it time for society to sta celebrating each other., 'not tearing each other down.', '#wes'"
#gillette,": guys, please calm down.', it not like #gillette asking you to shave your whole body, wear makeup, perfume, high heels;"
#gillette,"good news!', 'all of our r1 #unionjack razors and #razor sets are now back in stock.', 'visit fo'"
#gillette,gillette whoops looks like #gillette didn't secure all domains for their
#gillette,new video is out and it super toxic #gillette
#gillette,": the #gillette commercial is the product of mainstream radicalized feminism— &amp; emblematic of cultural marxism.', top per'"
#gillette,"everywhere you look - schools, pop culture, the media, and now #gillette, there is a war on men &amp; masculinity until there'"
#gillette,"this new adve from #gillette is an absolute outrage.', 'thanks for constantly reminding me i have no skin on my face,'"
#gillette,": the #gillette commercial is the product of mainstream radicalized feminism— &amp; emblematic of cultural marxism.', top per'"
#gillette,a little heads up for y'all fellas before you get ready to head back to work tomorrow... #mondaymorning #gillette
#gillette,"this is the strength given to men in the form of masculinity by nature.', '#boycottgillette #gillette #gillettead #menaregr'"
#gillette,best #gillette response to date from
#gillette,best #gillette response to date from
#gillette,“are you confident enough to listen to the women in your life?”
#gillette,facial hair - is it a sensitive issue for you as a #transwoman here is a solution that may work for you'
#gillette,"gillette maybe a dozen?', 'anyway i dumped #gillette for #schick'"
#gillette,"this is the strength given to men in the form of masculinity by nature.', '#boycottgillette #gillette #gillettead #menaregr'"
#gillette,"shocker: the #gillette toxic masculinity video created by feminist ad executives- who’da thunk?', '#gillettead'"
#gillette,"contrary to what i thought, my wife tells me her husband loves this adve.', '~ we believe: the best #men can be |'"
#gillette,#gillette the best the weird type of men can get'
#gillette,"this new adve from #gillette is an absolute outrage.', 'thanks for constantly reminding me i have no skin on my face,'"
#thebestamancanget,this man should be ashamed #gillette #thebestamancanget #metalgearsolidvthephantompain #xboxshare'
#gillette,oh the hypocrisy of #gillette'
#gillettead,"gillette thank you for protecting firefighters and athletes.', 'without your help, it would be impossible for them to"
#gillettead,"and this is an example of the behaviour that the #gillettead tried to address.', 'his reaction could have'"
#gillettead,just watched the #gillettead and now i’m soft v proud of @gillette for the right message
#gillettead,"how do brands like #gillette influence the way we think?', '--& “to be capable of creating new lifestyles, brands must deve"
#gillettead,"all of these people (meaning men) who are so outraged about the #gillettead are exactly why we need that ad.', 'step back from yo'"
#gillettead,"gillette #gillettead #vitilgo gillettevenuslove that commercial!!', 'gillette!!'"
#gillettead,"go cry about it, you manbabies #gillette #gillettead"
#gillettead,"if you’re threatened by a razor commercial asking you to be a better man, you don’t need a new shaver; you need new standa"
#toxicmasculinity,"we should send em some @gillette products.', ""maybe that'll cute their #toxicmasculinity"
#thebestamancanget,this makes me emotional every single time #inclusivity #thebestamancanget
#gillette,thrilled to be buying men's blue razors because nothing else says #equality when paying more for the exact same raz
#gillette,"my exact thought when i read all those negative comments from men.', 'who buys your razors anyway, dude???', '#gillette'"
#gillette,love this ad: we believe: the best men can be | gillette (short film) #gillette
#gillette,"just canceled my #gillette #razorblade order.', 'not buying products from a company that accuses all men of being"
#thebestamancanget,goodnight to everyone that likes a close shave #gillette #thebestamancanget
